SampleID,AA,AT,AG,TA,GA,TT,GG,TG,GT,CG
AL1-P1_S27,0,1,0,0,1,0,1,0,0,0
AL1-P2_S28,0,0,0,0,0,0,1,0,1,0
AL1-P4_S30,1,0,1,1,0,0,0,1,0,0
AL1-P5_S31,1,0,0,1,0,0,0,1,0,0
CO1-P1_S42,1,0,0,0,0,0,0,1,0,0
CO1-P2_S43,0,0,2,1,0,0,0,0,0,0
CO1-P3_S44,1,1,1,1,0,1,0,0,0,0
CO1-P4_S45,2,1,2,0,0,0,1,0,0,0
CO1-P5_S46,0,0,3,2,0,0,0,0,0,0
CO1-P6_S47,0,1,1,0,1,0,0,0,0,0
IA1-P1_S1,1,0,1,1,0,1,0,0,1,0
IA1-P2_S9,1,0,1,0,0,0,0,0,1,0
IA1-P3_S10,0,1,1,0,0,0,0,1,0,0
IA1-P4_S11,2,0,0,0,0,0,0,0,0,0
IA1-P5_S12,1,0,1,0,0,0,0,0,0,0
IA1-P6_S13,0,0,0,0,2,0,1,0,0,0
IL1-P1_S75,0,0,0,1,1,0,1,0,0,0
IL1-P2_S76,1,0,2,0,1,1,0,1,1,0
IL1-P3_S77,1,0,1,1,1,0,0,0,0,0
IL1-P4_S78,1,0,1,1,1,0,0,0,0,0
IL1-P5_S79,1,0,1,0,1,0,0,0,0,0
IL1-P6_S80,0,1,0,1,0,0,0,1,0,0
IN1-P1_S23,0,0,0,0,0,1,1,0,1,0
IN1-P2_S5,1,0,1,1,0,1,0,0,0,0
IN1-P3_S24,0,0,0,0,0,1,0,1,0,0
IN1-P4_S6,1,0,3,2,0,0,0,1,0,0
IN1-P5_S25,1,0,0,0,0,0,0,0,0,0
IN1-P6_S26,0,0,0,0,1,0,0,0,1,0
KS1-P1_S103,1,1,2,0,0,0,0,0,0,0
KS1-P2_S104,3,0,0,1,1,0,0,0,0,0
KS1-P3_S105,2,0,0,0,0,1,0,0,0,0
KS1-P4_S106,0,1,0,0,0,0,0,0,0,0
KS1-P5_S107,0,0,0,0,1,0,0,0,1,0
KS1-P6_S108,0,0,1,0,0,0,0,0,0,0
KS2-P1_S121,1,1,1,1,0,1,0,0,0,0
KS2-P3_S123,0,1,0,1,0,0,1,0,0,0
KS2-P4_S124,1,0,1,0,0,0,0,0,0,0
KS2-P5_S125,1,0,0,0,0,1,0,0,0,0
KS2-P6_S126,0,0,0,0,0,0,0,1,0,0
LA1-P1_S54,1,2,0,1,0,0,0,0,0,0
LA1-P6_S56,1,0,0,0,0,1,0,0,0,0
MI1-P2_S15,0,0,1,0,0,0,1,0,0,0
MI1-P3_S16,0,0,0,0,1,1,1,0,0,0
MI1-P4_S17,3,1,0,2,0,1,2,1,0,0
MI1-P5_S2,1,0,0,0,1,0,0,2,0,0
MI1-P6_S18,2,2,0,0,1,0,0,0,0,0
MN1-P1_S145,0,1,0,0,0,0,1,0,0,0
MN1-P2_S146,0,1,0,0,0,0,0,0,0,0
MN1-P4_S148,0,1,1,0,0,0,0,0,0,0
MN1-P5_S149,1,0,1,1,0,1,0,0,0,0
MN1-P6_S150,1,2,1,1,0,0,0,0,0,0
MO1-P1_S87,0,0,1,1,0,0,0,0,0,0
MO1-P2_S88,0,0,0,1,0,0,0,0,0,0
MO1-P3_S89,0,0,0,1,1,0,0,1,1,0
MO1-P5_S7,1,1,0,1,1,0,0,0,0,0
MO1-P6_S91,1,0,1,0,0,2,0,0,0,0
MS1-P1_S33,1,1,1,2,0,0,0,0,0,0
MS1-P2_S34,0,1,0,1,0,0,1,0,0,0
MS1-P3_S35,0,1,0,1,0,1,1,0,1,0
MS1-P5_S37,0,1,1,2,3,0,0,0,0,0
MS1-P6_S38,0,1,1,0,2,3,0,0,0,0
MT1-P1_S133,1,0,0,0,0,0,0,0,0,0
MT1-P2_S134,0,0,1,0,0,1,0,0,0,0
MT1-P3_S135,0,1,0,1,1,0,0,1,0,0
MT1-P4_S136,2,1,1,0,0,1,0,0,1,0
MT1-P5_S137,2,2,0,1,0,0,1,0,0,1
MT1-P6_S138,1,1,1,0,0,1,1,0,0,0
NC1-P1_S63,2,0,0,0,0,0,0,0,0,0
NC1-P2_S64,1,0,1,0,0,0,0,0,0,0
NC1-P3_S65,3,0,0,0,1,0,0,0,0,0
NC1-P4_S66,5,1,0,1,1,0,1,1,0,0
NC1-P5_S67,0,2,1,0,0,0,0,0,0,0
NC1-P6_S68,0,0,0,1,0,0,0,0,0,0
ND1-P1_S139,2,2,0,0,0,0,0,0,1,0
ND1-P2_S140,0,1,1,1,0,0,0,0,0,0
ND1-P3_S141,0,1,0,0,0,0,0,1,0,0
ND1-P4_S142,1,0,1,0,1,0,0,0,0,0
ND1-P5_S143,1,0,2,0,1,0,0,0,0,0
ND1-P6_S144,1,0,1,0,0,0,0,0,0,0
NE1-P1_S109,0,1,0,1,1,0,1,0,0,0
NE1-P2_S110,1,0,0,0,0,0,0,2,0,0
NE1-P3_S111,0,2,0,0,0,0,0,0,0,0
NE1-P4_S112,1,1,0,0,2,1,0,0,1,0
NE1-P6_S114,1,1,1,1,1,1,1,0,0,0
NE2-P1_S127,2,0,0,0,1,0,0,0,0,0
NE2-P2_S128,1,1,0,0,0,0,0,0,0,0
NE2-P3_S129,2,2,0,0,0,0,0,0,0,0
NE2-P4_S130,1,1,0,0,0,0,1,1,0,0
NE2-P5_S131,3,0,0,0,0,0,0,0,0,0
NE2-P6_S132,4,1,1,0,0,0,0,0,0,0
NM1-P2_S39,6,1,0,1,0,0,0,1,1,0
NM1-P3_S40,3,1,0,0,0,1,1,0,0,0
NM1-P6_S41,3,0,2,0,0,0,0,1,0,0
OK1-P1_S48,2,2,0,0,0,0,0,0,0,0
OK1-P2_S49,0,0,3,0,2,0,0,0,0,0
OK1-P3_S50,2,2,0,0,0,0,0,0,0,0
OK1-P4_S51,2,1,0,0,1,1,0,0,1,0
OK1-P5_S52,2,1,0,0,1,0,1,0,0,0
OK1-P6_S53,0,1,1,2,2,0,0,0,1,0
SC1-P1_S92,0,0,1,0,0,0,0,0,0,0
SC1-P2_S93,2,1,1,0,1,1,0,1,0,0
SC1-P3_S94,3,5,0,0,1,0,0,0,0,0
SC1-P4_S95,0,0,0,0,1,0,0,0,0,0
SC1-P5_S96,0,1,0,2,2,0,0,1,0,0
SC1-P6_S97,0,0,0,0,0,0,0,0,1,0
SD1-P1_S115,3,2,1,1,2,2,0,0,0,0
SD1-P2_S116,1,0,0,0,1,0,0,0,1,0
SD1-P3_S117,2,0,0,0,0,1,0,0,1,0
SD1-P4_S118,1,3,0,1,0,1,0,1,0,0
SD1-P5_S119,1,4,0,2,1,0,0,1,0,0
SD1-P6_S120,2,1,0,2,0,1,1,2,2,0
TX1-P1_S57,0,1,0,1,1,0,0,0,0,0
TX1-P2_S58,2,0,0,0,0,0,0,0,0,0
TX1-P3_S59,0,1,0,1,0,0,1,0,0,0
TX1-P4_S60,0,0,0,0,0,1,0,0,0,0
TX1-P5_S61,1,0,1,2,0,0,0,0,0,0
TX1-P6_S62,0,0,0,0,0,1,0,0,1,0
TX2-P1_S69,1,0,0,0,0,0,0,1,0,0
TX2-P2_S70,0,2,0,1,0,0,1,0,0,0
TX2-P3_S71,6,3,2,2,2,0,1,0,0,0
TX2-P4_S72,1,0,0,0,0,1,1,0,0,0
TX2-P5_S73,1,1,0,0,0,0,0,0,1,0
TX2-P6_S74,1,0,1,2,0,1,1,0,1,0
TX3-P1_S81,1,0,0,1,0,0,0,0,0,0
TX3-P2_S82,2,1,1,0,0,0,0,0,0,0
TX3-P3_S83,1,2,1,0,0,0,0,0,0,0
TX3-P4_S84,2,0,1,0,0,0,0,0,0,0
TX3-P5_S85,1,1,2,0,0,0,0,0,0,0
TX3-P6_S86,3,2,1,0,0,0,1,0,0,0
WI1-P1_S19,0,1,0,0,0,0,0,0,0,0
WI1-P2_S20,1,1,0,0,2,1,0,1,0,0
WI1-P3_S3,2,1,1,1,0,0,0,0,1,0
WI1-P4_S4,5,4,1,0,9,0,6,0,5,0
WI1-P5_S21,1,0,0,1,1,0,0,0,1,0
WI1-P6_S22,1,2,0,0,1,0,0,2,0,0