SampleID,TC,CT,CA,GC,TT,TA,GT,CG,GA,AA,TG,GG,CC
AL1-P1_S27,1,0,0,1,0,0,0,0,0,0,0,0,0
AL1-P2_S28,0,2,2,0,0,0,0,0,0,0,0,0,0
AL1-P3_S29,0,0,0,0,1,0,0,0,0,0,0,0,0
AL1-P4_S30,0,0,1,0,1,0,0,0,0,0,0,0,0
AL1-P5_S31,0,0,0,0,0,1,0,1,0,0,0,0,0
AL1-P6_S32,1,0,0,0,1,1,0,0,0,0,0,0,0
CO1-P1_S42,0,0,0,1,0,0,0,0,1,0,0,0,0
CO1-P2_S43,0,0,0,1,0,0,0,0,1,0,0,0,0
CO1-P3_S44,0,0,0,0,0,0,0,0,1,0,0,0,0
CO1-P4_S45,0,0,0,0,1,0,0,0,0,0,0,0,0
CO1-P5_S46,1,0,0,0,0,0,0,0,0,0,0,0,0
CO1-P6_S47,0,0,0,1,0,0,0,0,0,0,0,0,0
IA1-P1_S1,2,0,0,0,0,0,0,0,0,0,0,0,0
IA1-P2_S9,0,0,1,0,0,0,0,0,0,0,0,0,0
IA1-P3_S10,1,1,0,0,0,0,0,0,0,0,0,0,0
IA1-P4_S11,0,0,0,0,0,0,0,0,1,0,0,0,0
IL1-P1_S75,0,1,0,0,0,0,1,0,0,0,0,0,0
IL1-P2_S76,0,1,0,0,0,0,0,0,0,0,0,0,0
IL1-P3_S77,0,1,0,0,0,0,0,0,0,1,0,0,0
IL1-P4_S78,0,2,0,0,0,0,0,0,0,0,0,0,0
IL1-P5_S79,0,1,0,0,0,0,0,0,0,0,0,0,0
IL1-P6_S80,0,1,0,0,0,0,0,0,0,0,0,0,0
IN1-P2_S5,1,0,0,0,0,1,0,0,0,0,0,0,0
IN1-P3_S24,1,0,0,0,0,0,0,0,0,0,0,0,0
IN1-P4_S6,1,1,0,1,1,0,0,0,0,0,0,0,0
IN1-P5_S25,0,0,1,0,0,0,0,0,0,1,0,0,0
IN1-P6_S26,0,1,0,0,0,0,0,0,0,0,0,0,0
KS1-P1_S103,0,0,0,1,0,0,0,0,0,0,0,0,0
KS1-P3_S105,0,0,1,0,1,0,0,0,0,0,0,0,0
KS1-P4_S106,0,0,0,0,1,0,0,0,0,0,0,0,0
KS1-P5_S107,0,0,1,0,0,0,0,1,0,0,0,0,0
KS1-P6_S108,0,0,1,0,1,0,0,1,0,0,0,0,0
KS2-P3_S123,0,1,0,0,0,0,0,0,0,0,0,0,0
LA1-P1_S54,0,1,0,0,0,0,0,0,0,0,0,0,0
LA1-P2_S55,0,1,0,0,0,0,1,0,0,0,0,0,0
LA1-P6_S56,0,2,0,0,0,0,0,0,0,1,0,0,0
MI1-P1_S14,1,1,0,0,0,1,0,0,0,0,0,0,0
MI1-P2_S15,1,2,0,0,0,0,0,0,0,0,0,0,0
MI1-P3_S16,0,0,1,0,0,2,0,0,0,0,0,0,0
MI1-P4_S17,1,0,0,0,0,0,0,0,0,0,0,0,0
MI1-P5_S2,1,0,2,0,0,1,0,0,0,0,0,0,0
MI1-P6_S18,0,1,0,0,0,0,0,0,0,1,0,0,0
MN1-P1_S145,1,0,0,1,0,0,0,0,0,0,0,0,0
MN1-P2_S146,2,0,0,0,1,0,0,0,0,0,0,0,0
MN1-P3_S147,0,0,0,0,1,0,1,0,0,0,0,0,0
MN1-P4_S148,3,0,0,0,0,0,0,0,0,0,0,0,0
MN1-P5_S149,4,0,0,0,0,0,0,0,0,0,0,0,0
MN1-P6_S150,1,0,0,0,0,0,0,0,0,0,0,0,0
MO1-P1_S87,1,0,2,0,0,0,0,0,0,0,0,0,0
MO1-P2_S88,1,0,1,0,0,0,0,0,0,0,0,0,0
MO1-P3_S89,1,0,2,1,0,0,0,0,0,0,0,0,0
MO1-P4_S90,1,0,2,0,0,1,0,0,0,0,0,0,0
MO1-P5_S7,0,0,1,0,2,1,0,0,0,0,0,0,0
MO1-P6_S91,1,0,1,0,1,0,1,0,0,0,0,0,0
MS1-P1_S33,0,1,1,0,0,0,0,0,0,0,0,0,0
MS1-P2_S34,0,3,1,0,0,0,0,1,1,0,0,0,0
MS1-P3_S35,0,2,0,0,0,0,0,1,0,0,0,0,0
MS1-P4_S36,0,0,2,0,0,0,0,0,0,0,0,0,0
MS1-P5_S37,0,1,4,0,0,0,0,0,0,0,0,0,0
MS1-P6_S38,0,0,1,0,0,0,1,0,0,0,0,0,0
MT1-P1_S133,0,0,0,0,0,0,0,0,1,0,0,0,0
MT1-P3_S135,0,0,0,0,1,0,0,0,1,0,0,0,0
MT1-P5_S137,0,0,0,1,1,0,0,0,0,0,0,0,1
MT1-P6_S138,0,0,0,0,0,0,0,0,1,0,0,0,0
NC1-P1_S63,1,0,1,0,0,1,0,0,0,0,0,0,0
NC1-P2_S64,1,1,0,0,1,0,0,0,0,0,0,0,0
NC1-P3_S65,0,0,0,0,0,2,0,0,0,1,0,0,0
NC1-P4_S66,1,1,0,0,1,1,0,0,0,1,0,0,0
NC1-P5_S67,0,0,0,0,0,1,0,0,0,0,0,0,0
NC1-P6_S68,1,1,0,1,0,1,0,0,0,0,0,0,0
ND1-P1_S139,0,0,0,0,1,0,0,0,0,0,0,0,0
ND1-P2_S140,1,0,0,0,0,0,0,0,0,0,0,0,0
ND1-P4_S142,0,0,0,0,1,0,0,0,0,0,0,0,0
ND1-P5_S143,0,0,0,0,1,0,0,0,0,0,0,0,0
NE1-P5_S113,0,0,1,1,1,0,0,0,0,0,0,0,0
NE1-P6_S114,0,1,1,0,0,0,0,0,0,0,0,0,0
NE2-P1_S127,0,0,0,0,1,0,0,0,0,0,0,0,0
NE2-P5_S131,0,0,0,0,0,0,1,0,0,0,0,0,0
NE2-P6_S132,1,0,0,0,0,0,1,0,0,0,0,0,0
NM1-P2_S39,1,0,0,0,0,0,0,0,0,0,0,0,0
NM1-P3_S40,0,0,0,1,0,0,0,0,0,0,0,0,0
NM1-P6_S41,0,0,0,0,0,0,1,0,0,0,0,0,0
OK1-P2_S49,0,0,0,1,0,0,0,0,0,0,0,0,0
OK1-P3_S50,0,0,0,1,0,0,0,0,0,0,0,0,0
OK1-P4_S51,0,0,0,1,0,0,0,0,0,0,0,0,0
OK1-P5_S52,0,0,0,1,0,0,0,0,0,0,0,0,0
OK1-P6_S53,1,0,0,1,0,0,0,0,0,0,0,0,0
SC1-P1_S92,0,1,1,0,0,0,1,0,0,1,0,0,0
SC1-P2_S93,1,0,0,0,0,1,1,0,0,0,0,0,0
SC1-P3_S94,0,1,0,0,0,1,1,0,0,0,0,0,0
SC1-P4_S95,0,1,0,1,0,0,0,0,1,0,0,0,0
SC1-P5_S96,0,1,0,1,0,0,0,0,0,0,0,0,0
SC1-P6_S97,0,1,1,2,0,1,0,0,1,1,0,1,0
SD1-P1_S115,0,0,0,0,0,0,1,0,0,0,0,0,0
SD1-P2_S116,0,0,0,1,0,0,0,0,0,0,0,0,0
SD1-P3_S117,1,0,0,0,0,0,0,0,0,0,0,0,0
SD1-P6_S120,0,0,0,0,1,0,0,0,0,0,0,0,0
TX1-P1_S57,1,0,1,0,0,0,1,1,0,0,0,0,0
TX1-P2_S58,1,2,0,0,0,0,0,1,0,0,0,0,0
TX1-P3_S59,1,2,0,0,0,0,1,1,1,0,0,0,0
TX1-P4_S60,1,0,1,0,0,0,0,1,0,0,0,0,0
TX1-P5_S61,0,1,0,0,0,0,1,0,0,0,0,0,0
TX1-P6_S62,0,0,0,0,0,0,0,2,0,0,0,0,0
TX2-P1_S69,3,0,0,1,0,0,0,0,0,0,1,0,0
TX2-P2_S70,0,1,1,0,0,0,0,0,0,0,0,0,0
TX2-P3_S71,1,0,0,0,0,0,0,0,0,1,0,0,0
TX2-P4_S72,1,2,8,0,1,0,1,0,0,0,0,0,0
TX2-P5_S73,2,0,2,0,0,1,0,0,0,0,1,0,0
TX2-P6_S74,2,0,1,0,0,0,0,0,0,0,1,0,0
TX3-P1_S81,5,0,0,0,0,0,0,0,0,0,0,0,0
TX3-P2_S82,1,0,0,0,0,0,0,0,0,0,1,0,0
TX3-P3_S83,2,0,0,0,0,0,0,0,0,0,1,0,0
TX3-P4_S84,1,0,0,0,0,0,0,0,0,0,1,0,0
TX3-P5_S85,6,0,0,1,0,0,1,0,0,1,1,0,0
TX3-P6_S86,2,0,0,0,0,0,0,0,0,0,1,0,0
WI1-P2_S20,1,1,0,0,0,0,0,0,0,1,0,0,0
WI1-P3_S3,1,0,1,0,1,0,0,0,0,0,0,0,0
WI1-P4_S4,1,1,0,1,0,0,1,0,0,0,0,0,0
WI1-P5_S21,0,1,0,0,0,0,0,1,0,0,0,0,0
WI1-P6_S22,1,1,0,0,0,0,0,0,0,0,0,0,0