SampleID,CA,CT,AA,TA,AT,TT,TG,AG,CG,GT,GA,GG,T-,A-
AL1-P1-S1-16s_S25,0,1,0,1,0,0,0,0,0,1,0,0,0,0
AL1-P2-S1-16s_S26,0,0,0,0,0,1,0,0,0,0,0,0,0,0
AL1-P4-S1-16s_S28,0,1,0,0,0,0,0,0,0,0,0,0,0,0
AL1-P5-S1-16s_S29,0,0,2,0,0,0,0,0,0,0,0,0,0,0
AL1-P6-S1-16s_S30,0,0,0,0,0,0,0,1,0,0,0,0,0,0
CO1-P1-S1-16s_S42,0,0,0,0,0,0,0,1,0,0,0,0,0,0
IA1-P1-S1-16s_S1,1,1,0,0,0,0,0,0,0,0,0,0,0,0
IA1-P2-S1-16s_S2,1,0,0,0,0,0,0,0,0,1,0,0,0,0
IA1-P3-S1-16s_S3,1,0,0,0,1,1,1,0,0,0,0,0,0,0
IA1-P6-S1-16s_S6,0,0,0,0,1,0,0,0,0,0,0,0,0,0
IL1-P1-S1-16s_S78,0,0,0,1,0,0,0,0,1,0,1,0,0,0
IL1-P3-S1-16s_S80,0,0,0,1,0,0,0,0,0,0,0,0,0,0
IL1-P4-S1-16s_S81,0,0,0,0,0,1,0,0,0,0,0,0,0,0
IL1-P5-S1-16s_S82,0,0,0,0,0,1,0,0,0,0,0,0,0,0
IL1-P6-S1-16s_S83,0,0,0,0,0,1,0,0,0,0,0,0,0,0
IN1-P2-S1-16s_S20,0,0,0,0,1,0,0,0,0,0,0,0,0,0
IN1-P3-S1-16s_S21,0,0,0,0,0,0,0,1,0,0,0,0,0,0
IN1-P4-S1-16s_S22,0,0,0,1,1,0,0,0,0,0,0,0,0,0
IN1-P5-S1-16s_S23,0,0,1,0,1,0,0,0,0,0,0,0,0,0
IN1-P6-S1-16s_S24,0,0,1,1,0,0,1,0,0,0,0,0,0,0
KS1-P3-S1-16s_S111,0,0,0,0,0,0,0,0,0,1,0,0,0,0
KS1-P4-S1-16s_S112,0,0,0,0,0,1,0,0,0,0,0,0,0,0
KS1-P6-S1-16s_S114,0,0,0,0,0,1,0,0,2,0,1,0,0,0
KS2-P2-S1-16s_S128,0,0,0,1,0,0,0,0,0,0,0,0,0,0
KS2-P6-S1-16s_S132,0,0,0,0,0,0,0,0,1,0,0,0,0,0
LA1-P1-S1-16s_S54,0,0,1,0,0,0,1,0,0,0,0,0,0,0
LA1-P2-S1-16s_S55,0,0,0,1,0,0,0,0,0,0,0,0,0,0
LA1-P3-S1-16s_S56,0,0,0,0,1,0,0,0,0,0,0,0,0,0
LA1-P4-S1-16s_S57,0,0,1,0,0,0,1,0,0,0,0,0,0,0
LA1-P5-S2-16s_S58,0,0,0,1,1,0,0,0,0,0,0,0,0,0
LA1-P6-S2-16s_S59,1,0,0,1,0,1,0,1,0,0,0,0,0,0
MI1-P1-S1-16s_S7,0,1,0,1,0,0,1,0,0,0,0,0,0,0
MI1-P2-S1-16s_S8,0,0,0,1,1,0,0,0,0,0,0,0,0,0
MI1-P3-S1-16s_S9,0,0,1,0,0,0,0,0,0,0,0,0,0,0
MI1-P4-S1-16s_S10,1,0,0,0,0,0,1,1,0,0,0,0,0,0
MI1-P5-S2-16s_S11,0,1,0,1,1,0,1,0,0,0,0,0,0,0
MI1-P6-S2-16s_S12,0,0,0,0,0,1,0,0,0,0,0,0,0,0
MN1-P2-S1-16s_S152,0,1,0,0,0,0,0,0,0,0,0,0,0,0
MN1-P4-S1-16s_S154,2,1,0,0,0,0,0,0,1,0,0,0,0,0
MN1-P5-S1-16s_S155,2,0,0,0,0,0,0,0,0,0,0,0,0,0
MN1-P6-S1-16s_S156,0,1,0,0,0,0,0,0,0,0,0,0,0,0
MO1-P2-S1-16s_S91,1,0,0,0,1,0,0,0,0,0,0,0,0,0
MO1-P3-S1-16s_S93,0,1,0,0,0,1,0,1,0,0,0,0,0,0
MO1-P4-S1-16s_S94,0,0,0,0,0,0,0,1,0,0,0,0,0,0
MO1-P5-S1-16s_S95,1,0,3,0,0,0,0,0,0,0,0,0,0,0
MO1-P6-S1-16s_S96,0,1,0,1,1,1,0,0,0,0,0,0,0,0
MS1-P1-S1-16s_S31,0,0,0,1,0,0,0,0,0,0,0,0,0,0
MS1-P2-S1-16s_S32,0,0,1,1,0,0,0,0,0,0,0,0,0,0
MS1-P4-S1-16s_S33,0,0,1,1,1,1,0,0,0,0,0,0,0,0
MS1-P5-S1-16s_S34,0,0,0,1,0,1,0,0,0,0,0,0,0,0
MS1-P6-S1-16s_S35,0,0,0,0,1,1,0,1,0,0,0,0,0,0
MT1-P3-S1-16s_S141,0,0,0,0,0,0,0,0,1,0,0,0,0,0
MT1-P5-S1-16s_S143,0,1,0,0,0,0,0,0,0,0,0,0,0,0
MT1-P6-S1-16s_S144,0,0,2,0,0,0,0,0,0,0,0,0,0,0
NC1-P1-S1-16s_S66,2,0,0,0,1,0,2,0,0,0,0,0,0,0
NC1-P2-S1-16s_S67,0,2,2,2,0,1,0,0,0,0,0,0,0,0
NC1-P3-S1-16s_S68,0,0,0,0,2,0,0,0,0,0,0,0,0,0
NC1-P4-S1-16s_S69,0,1,1,1,0,0,0,0,0,0,0,0,0,0
NC1-P5-S1-16s_S70,0,0,2,0,0,1,0,0,0,0,0,0,0,0
NC1-P6-S1-16s_S71,1,0,1,0,0,1,0,0,0,0,0,0,0,0
ND1-P2-S1-16s_S146,0,1,0,0,0,0,0,0,0,0,0,0,0,0
ND1-P3-S1-16s_S147,0,0,0,0,0,0,0,0,1,0,0,0,0,0
ND1-P6-S1-16s_S150,0,0,1,0,0,0,0,0,0,0,0,0,0,0
NE1-P3-S1-16s_S117,0,1,1,1,1,0,0,0,0,0,0,0,0,0
NE1-P4-S1-16s_S118,0,0,1,1,0,0,0,0,0,0,0,0,0,0
NE1-P5-S1-16s_S119,0,0,0,0,1,0,0,0,0,0,0,0,0,0
NE1-P6-S1-16s_S120,1,0,1,0,0,0,0,0,0,0,0,0,0,0
NM1-P4-S1-16s_S39,0,0,0,1,0,0,0,0,0,0,0,0,0,0
NM1-P5-S1-16s_S40,0,1,0,0,0,0,0,0,0,0,0,0,0,0
NM1-P6-S1-16s_S41,1,0,0,0,0,0,0,0,0,0,0,0,0,0
OK1-P3-S1-16s_S50,1,0,0,0,0,0,0,0,0,0,0,0,0,0
SC1-P1-S1-16s_S97,0,0,0,0,0,0,1,1,0,0,0,0,0,0
SC1-P2-S1-16s_S98,0,0,0,1,0,1,0,0,0,0,0,0,0,0
SC1-P3-S1-16s_S99,1,0,0,0,0,0,0,0,0,0,0,0,0,0
SC1-P4-S1-16s_S100,0,0,2,0,0,0,1,1,0,0,0,0,0,0
SC1-P5-S1-16s_S101,0,0,0,1,1,1,0,0,0,1,0,0,0,0
SC1-P6-S1-16s_S102,0,0,0,1,2,0,0,0,1,0,0,0,0,1
SD1-P1-S1-16s_S121,0,0,0,0,0,0,0,1,0,0,0,0,0,0
SD1-P3-S1-16s_S123,0,0,0,0,0,0,0,0,0,1,0,0,0,0
SD1-P5-S1-16s_S125,1,0,0,0,0,0,0,0,0,0,0,0,0,0
SD1-P6-S1-16s_S126,0,1,0,0,0,0,0,0,0,0,0,0,0,0
TX1-P1-S1-16s_S60,0,1,0,0,0,0,0,0,0,0,0,1,0,0
TX1-P3-S1-16s_S62,1,0,0,0,1,0,0,0,0,1,0,0,0,0
TX1-P4-S1-16s_S63,0,0,0,0,0,0,0,0,0,1,0,0,0,0
TX1-P6-S1-16s_S65,0,0,0,3,0,0,0,0,0,0,1,0,1,0
TX2-P1-S1-16s_S72,1,0,1,0,0,0,0,0,1,0,1,0,0,0
TX2-P2-S1-16s_S73,0,0,1,0,4,0,0,1,0,0,0,0,0,0
TX2-P3-S1-16s_S74,1,0,0,0,0,0,0,0,0,0,1,0,0,0
TX2-P4-S1-16s_S75,0,1,0,1,1,1,0,0,0,0,0,1,0,0
TX2-P5-S1-16s_S76,1,0,1,1,1,1,0,0,0,1,0,0,0,0
TX2-P6-S2-16s_S77,0,0,3,0,0,0,0,0,0,0,1,0,0,0
TX3-P1-S1-16s_S84,4,0,0,0,0,0,0,0,1,0,0,0,0,0
TX3-P2-S1-16s_S85,1,1,0,0,0,0,0,0,0,0,0,0,0,0
TX3-P3-S1-16s_S86,1,2,0,0,0,0,0,0,0,0,1,0,0,0
TX3-P4-S1-16s_S87,0,0,1,0,0,0,0,0,0,0,0,0,0,0
TX3-P5-S1-16s_S88,1,3,0,0,0,0,0,1,0,0,1,0,0,0
TX3-P6-S1-16s_S89,4,2,0,0,0,0,0,0,1,1,0,0,0,0
WI1-P1-S1-16s_S13,0,0,0,0,0,0,1,0,0,0,0,0,0,0
WI1-P2-S1-16s_S14,0,2,0,0,0,1,0,0,0,0,0,0,0,0
WI1-P3-S1-16s_S15,0,1,1,0,0,1,0,0,0,0,0,0,0,0
WI1-P4-S2-16s_S16,0,0,0,0,0,1,0,0,1,0,0,0,0,0
WI1-P5-S1-16s_S17,0,2,0,1,0,0,0,1,0,0,0,0,0,0
WI1-P6-S1-16s_S18,1,0,0,0,0,0,1,0,0,0,0,0,0,0